{"Taron Johnson": 6.505721344867982, "Matt Milano": 5.608942190503287, "Jalen Ramsey": 5.399097957524268, "Tremaine Edmunds": 4.757534510511338, "Nick Scott": 3.551421706236494, "Bobby Wagner": 2.866207284990178, "Dane Jackson": 2.5998484778638415, "Troy Hill": 2.566396476167194, "Micah Hyde": 2.197810491661383, "Kaiir Elam": 1.8667773771288683, "David Long": 1.8626312827093972, "Taylor Rapp": 1.6359636375444793, "Ernest Jones": 1.3116181872815726, "Tim Settle": 1.2480349113348195, "Jordan Poyer": 1.2301709751045529, "Carlos Basham": 1.2140994915019452, "Justin Hollins": 1.1569301669209304, "Terrell Lewis": 0.9913156197374854, "DaQuan Jones": 0.9776610013849059, "Gregory Rousseau": 0.8849052428969201, "A.J. Epenesa": 0.8217183580608567, "Leonard Floyd": 0.8171608399390127, "Aaron Donald": 0.7713271130053844, "A'Shawn Robinson": 0.7453464631974487, "Ed Oliver": 0.723338635642648, "Christian Benford": 0.6191137292855136, "Von Miller": 0.476174136546386, "Jordan Phillips": 0.26814912570475297, "Marquise Copeland": 0.14522821576763487, "Jordan Fuller": 0.09634670487106017, "Greg Gaines": 0.06825679131242973, "Keir Thomas": 0.014751552795031056, "Jonah Williams": 0.0}